Metric,Score
Accuracy,0.7125
Precision,0.7241043368950345
Recall,0.7125
F1 Score,0.7128145022659791
